[
    {
        "text": "首页",
        "link": "/"
    },
    {
        "text": "通用指南",
        "items": [
            {
                "text": "本站使用指南",
                "link": "/pages/benzhanshiyongzhinan/"
            },
            {
                "text": "常用网站使用指南",
                "link": "/pages/changyongwangzhanshiyongzhinan/"
            },
            {
                "text": "信息门户使用指南",
                "link": "/pages/xinximenhushiyongzhinan/"
            }
        ]
    },
    {
        "text": "新生必备",
        "items": [
            {
                "text": "新生网站",
                "link": "/pages/xinshengwangzhan/"
            },
            {
                "text": "报道必备",
                "link": "/pages/baodaobibei/"
            },
            {
                "text": "生活用品",
                "link": "/pages/shenghuoyongpin/"
            },
            {
                "text": "其它",
                "link": "/pages/qita/"
            }
        ]
    },
    {
        "text": "学习与教务",
        "items": [
            {
                "text": "教务系统使用指南",
                "link": "/pages/jiaowuxitongshiyongzhinan/"
            },
            {
                "text": "图书馆与自习室",
                "link": "/pages/tushuguanyuzixishi/"
            },
            {
                "text": "教学日历",
                "link": "/pages/jiaoxuerili/"
            },
            {
                "text": "专业培养计划",
                "link": "/pages/zhuanyepeiyangjihua/"
            },
            {
                "text": "通选与网课",
                "link": "/pages/tongxuanyuwangke/"
            },
            {
                "text": "等级考试",
                "link": "/pages/dengjikaoshi/"
            },
            {
                "text": "教务常用附件",
                "link": "/pages/jiaowuchangyongfujian/"
            }
        ]
    },
    {
        "text": "生活与学工",
        "items": [
            {
                "text": "衣",
                "link": "/pages/yi/"
            },
            {
                "text": "吃喝玩乐",
                "link": "/pages/chihewanle/"
            },
            {
                "text": "校园住宿",
                "link": "/pages/xiaoyuanzhusu/"
            },
            {
                "text": "交通出行",
                "link": "/pages/jiaotongchuxing/"
            },
            {
                "text": "校园卡",
                "link": "/pages/xiaoyuanka/"
            },
            {
                "text": "校园网",
                "link": "/pages/xiaoyuanwang/"
            },
            {
                "text": "学工处",
                "link": "/pages/xuegongchu/"
            },
            {
                "text": "创业与就业",
                "link": "/pages/chuangyeyujiuye/"
            },
            {
                "text": "常见问题",
                "link": "/pages/changjianwenti/"
            },
            {
                "text": "学工常用附件",
                "link": "/pages/xuegongchangyongfujian/"
            }
        ]
    },
    {
        "text": "办公与行政",
        "items": [
            {
                "text": "教务处",
                "link": "/pages/jiaowuchu/"
            },
            {
                "text": "图书馆",
                "link": "/pages/tushuguan/"
            },
            {
                "text": "校医院",
                "link": "/pages/xiaoyiyuan/"
            },
            {
                "text": "财务处",
                "link": "/pages/caiwuchu/"
            },
            {
                "text": "博物馆",
                "link": "/pages/bowuguan/"
            }
        ]
    },
    {
        "text": "站点导航",
        "items": [
            {
                "text": "公共服务",
                "link": "/pages/gonggongfuwu/"
            },
            {
                "text": "学院官网",
                "link": "/pages/xueyuanguanwang/"
            },
            {
                "text": "其它推荐",
                "link": "/pages/qitatuijian/"
            }
        ]
    },
    {
        "text": "关于",
        "items": [
            {
                "text": "关于本站",
                "link": "/pages/guanyubenzhan/"
            },
            {
                "text": "关于我们",
                "link": "/pages/guanyuwomen/"
            },
            {
                "text": "加入我们",
                "link": "/pages/jiaruwomen/"
            }
        ]
    },
    {
        "text": "反馈💕",
        "items": [
            {
                "text": "反馈💕",
                "link": "/pages/fankui/"
            }
        ]
    }
]